{"baking_tray1": {"w": 5.0, "h": 3.353599786758423}, "baking_tray2": {"w": 5.000002384185791, "h": 3.587078094482422}, "blender1": {"w": 3.8889055252075195, "h": 4.9889936447143555}, "blender2": {"w": 3.053431272506714, "h": 1.8730016946792603}, "bowl1": {"w": 2.6762726306915283, "h": 2.676272392272949}, "bowl2": {"w": 2.729050874710083, "h": 2.729048252105713}, "bowl3": {"w": 2.8465795516967773, "h": 2.866992473602295}, "chopping_board1": {"w": 5.0, "h": 5.0}, "chopping_board2": {"w": 3.4785118103027344, "h": 4.999998569488525}, "chopping_board3": {"w": 2.519559860229492, "h": 6.000009536743164}, "coffee_maker1": {"w": 3.9230284690856934, "h": 2.6236929893493652}, "coffee_maker2": {"w": 4.203093528747559, "h": 4.224336624145508}, "food_box1": {"w": 3.5694098472595215, "h": 3.3085265159606934}, "food_box2": {"w": 2.8657994270324707, "h": 2.896665573120117}, "fork1": {"w": 0.4395201802253723, "h": 3.999983787536621}, "fork2": {"w": 0.4745081663131714, "h": 3.799804449081421}, "glass1": {"w": 1.5122108459472656, "h": 1.512373447418213}, "glass2": {"w": 1.2456036806106567, "h": 1.2456037998199463}, "glass3": {"w": 1.1130473613739014, "h": 1.1130471229553223}, "glass4": {"w": 1.4592595100402832, "h": 1.459259033203125}, "glass5": {"w": 1.8382152318954468, "h": 1.8382152318954468}, "kettle1": {"w": 3.686206817626953, "h": 4.122974395751953}, "kettle2": {"w": 3.478095054626465, "h": 4.6191511154174805}, "knife1": {"w": 0.4623944163322449, "h": 3.9999990463256836}, "knife2": {"w": 0.42700546979904175, "h": 3.79998517036438}, "mug1": {"w": 1.728866696357727, "h": 2.550482749938965}, "mug2": {"w": 1.5659105777740479, "h": 2.25465726852417}, "mug3": {"w": 1.76795494556427, "h": 2.455540418624878}, "pan1": {"w": 4.000000476837158, "h": 7.3224639892578125}, "pan2": {"w": 3.500006675720215, "h": 5.7257513999938965}, "plate1": {"w": 4.058884620666504, "h": 4.058884620666504}, "plate2": {"w": 4.706524848937988, "h": 4.706524848937988}, "pot1": {"w": 4.465490341186523, "h": 5.534132957458496}, "pot2": {"w": 2.7365355491638184, "h": 4.7451982498168945}, "scissors1": {"w": 0.9205628633499146, "h": 2.499955892562866}, "scissors2": {"w": 2.130356788635254, "h": 3.750002861022949}, "soda_can": {"w": 1.32160484790802, "h": 1.3187313079833984}, "spoon1": {"w": 0.6514800786972046, "h": 3.8000097274780273}, "spoon2": {"w": 0.8677456378936768, "h": 3.6999926567077637}, "thermos1": {"w": 1.0506702661514282, "h": 1.044912338256836}, "thermos2": {"w": 1.4730712175369263, "h": 2.001481533050537}, "toaster1": {"w": 2.66599702835083, "h": 4.841709613800049}, "toaster2": {"w": 2.439366579055786, "h": 3.81817626953125}, "wine_glass1": {"w": 0.9753087759017944, "h": 0.9753087759017944}, "wine_glass2": {"w": 0.6651516556739807, "h": 0.6651516556739807}, "wine_glass3": {"w": 1.1786364316940308, "h": 1.1786361932754517}}